{"cameraMode":{"drawMode":0,"name":"Shaded","section":"Shading Mode"},"sceneLighting":false,"audioPlay":false,"sceneViewState":{"showFog":true,"showMaterialUpdate":false,"showSkybox":false,"showFlares":true,"showImageEffects":true,"showParticleSystems":true},"in2DMode":false,"pivot":{"x":7.957661151885986,"y":6.316277503967285,"z":-7.557945251464844},"rotation":{"x":-0.21730832755565644,"y":0.12174172699451447,"z":-0.027327388525009157,"w":-0.9680964946746826},"size":33.25477981567383,"orthographic":false}