{"cameraMode":{"drawMode":0,"name":"Shaded","section":"Shading Mode"},"sceneLighting":true,"audioPlay":false,"sceneViewState":{"showFog":true,"showMaterialUpdate":false,"showSkybox":true,"showFlares":true,"showImageEffects":true,"showParticleSystems":true},"in2DMode":false,"pivot":{"x":-7.5161590576171879,"y":1.398585557937622,"z":11.573565483093262},"rotation":{"x":0.004189987666904926,"y":-0.012902702204883099,"z":-0.00005274296199786477,"w":-0.9999173283576965},"size":12.98521614074707,"orthographic":false}