{"cameraMode":{"drawMode":0,"name":"Shaded","section":"Shading Mode"},"sceneLighting":false,"audioPlay":false,"sceneViewState":{"showFog":true,"showMaterialUpdate":false,"showSkybox":false,"showFlares":true,"showImageEffects":true,"showParticleSystems":true},"in2DMode":false,"pivot":{"x":-4.722381591796875,"y":10.324750900268555,"z":-7.125833511352539},"rotation":{"x":0.013184826821088791,"y":-0.027896929532289506,"z":-0.00036809363518841565,"w":-0.9995253086090088},"size":9.492100715637207,"orthographic":false}